srmag/m-qf1/c04-a,0.4392737282479118
srmag/m-qd2/c04-a,-0.4443686100850717
srmag/m-qf2/c04-a,0.5613724428988204
srmag/m-qd3/c04-a,-0.7953309253201659
srmag/m-qf4/c04-a,0.5670848036882963
srmag/m-qf4/c04-b,0.5477306213822942
srmag/m-qd5/c04-b,-0.6299881229900359
srmag/m-qf6/c04-b,1.7791564394080177
srmag/m-dq1/c04-b,-1.9110147502709374
srmag/m-qf8/c04-b,2.179201209044364
srmag/m-dq2/c04-c,-1.2693435744186166
srmag/m-qf8/c04-d,2.179201209044364
srmag/m-dq1/c04-d,-1.9110147502709374
srmag/m-qf6/c04-d,1.7791564394080177
srmag/m-qd5/c04-d,-0.6299881229900359
srmag/m-qf4/c04-d,0.5477306213822942
srmag/m-qf4/c04-e,0.5530915534135921
srmag/m-qd3/c04-e,-0.427520247090059
srmag/m-qd2/c04-e,-0.6175884055295032
srmag/m-qf1/c04-e,0.7925083076304686
srmag/m-qf1/c05-a,0.7925083076304686
srmag/m-qd2/c05-a,-0.6175884055295032
srmag/m-qd3/c05-a,-0.4275189039265049
srmag/m-qf4/c05-a,0.5530830347473877
srmag/m-qf4/c05-b,0.5481386952295131
srmag/m-qd5/c05-b,-0.6307596141533399
srmag/m-qf6/c05-b,1.7808235787442699
srmag/m-dq1/c05-b,-1.9110147502709374
srmag/m-qf8/c05-b,2.179201209044364
srmag/m-dq2/c05-c,-1.2693435744186166
srmag/m-qf8/c05-d,2.179201209044364
srmag/m-dq1/c05-d,-1.9110147502709374
srmag/m-qf6/c05-d,1.7774471734527368
srmag/m-qd5/c05-d,-0.6280591853654179
srmag/m-qf4/c05-d,0.5388956960308524
srmag/m-qf4/c05-e,0.5614359129763016
srmag/m-qd3/c05-e,-0.42858525787219126
srmag/m-qd2/c05-e,-0.6175884055295032
srmag/m-qf1/c05-e,0.7925083076304686
srmag/m-qf1/c06-a,0.7925083076304686
srmag/m-qd2/c06-a,-0.6175884055295032
srmag/m-qd3/c06-a,-0.427520247090059
srmag/m-qf4/c06-a,0.5530915534135921
srmag/m-qf4/c06-b,0.5477306213822942
srmag/m-qd5/c06-b,-0.6299881229900359
srmag/m-qf6/c06-b,1.7791564394080177
srmag/m-dq1/c06-b,-1.9110147502709374
srmag/m-qf8/c06-b,2.179201209044364
srmag/m-dq2/c06-c,-1.2693435744186166
srmag/m-qf8/c06-d,2.179201209044364
srmag/m-dq1/c06-d,-1.9110147502709374
srmag/m-qf6/c06-d,1.7791564394080177
srmag/m-qd5/c06-d,-0.6299881229900359
srmag/m-qf4/c06-d,0.5477306213822942
srmag/m-qf4/c06-e,0.5530915534135921
srmag/m-qd3/c06-e,-0.427520247090059
srmag/m-qd2/c06-e,-0.6175884055295032
srmag/m-qf1/c06-e,0.7925083076304686
srmag/m-qf1/c07-a,0.7925083076304686
srmag/m-qd2/c07-a,-0.6175884055295032
srmag/m-qd3/c07-a,-0.42751891121484314
srmag/m-qf4/c07-a,0.5530830817050907
srmag/m-qf4/c07-b,0.5481387569919143
srmag/m-qd5/c07-b,-0.6307600471988293
srmag/m-qf6/c07-b,1.7808240085060136
srmag/m-dq1/c07-b,-1.9110147502709374
srmag/m-qf8/c07-b,2.179201209044364
srmag/m-dq2/c07-c,-1.2693435744186166
srmag/m-qf8/c07-d,2.179201209044364
srmag/m-dq1/c07-d,-1.9110147502709374
srmag/m-qf6/c07-d,1.7774469190047375
srmag/m-qd5/c07-d,-0.6280589299728006
srmag/m-qf4/c07-d,0.5388939896768861
srmag/m-qf4/c07-e,0.5614375360579206
srmag/m-qd3/c07-e,-0.4285852383502364
srmag/m-qd2/c07-e,-0.6175884055295032
srmag/m-qf1/c07-e,0.7925083076304686
srmag/m-qf1/c08-a,0.7922118226646928
srmag/m-qd2/c08-a,-0.6170849581688539
srmag/m-qd3/c08-a,-0.42824546975700933
srmag/m-qf4/c08-a,0.5541035859096073
srmag/m-qf4/c08-b,0.5496492004927923
srmag/m-qd5/c08-b,-0.6305264075284116
srmag/m-qf6/c08-b,1.7792275309504848
srmag/m-dq1/c08-b,-1.9110147502709374
srmag/m-qf8/c08-b,2.179201209044364
srmag/m-dq2/c08-c,-1.2693435744186166
srmag/m-qf8/c08-d,2.179201209044364
srmag/m-dq1/c08-d,-1.9110147502709374
srmag/m-qf6/c08-d,1.7790841711402043
srmag/m-qd5/c08-d,-0.6295182636401193
srmag/m-qf4/c08-d,0.5458373106584996
srmag/m-qf4/c08-e,0.5520906193474768
srmag/m-qd3/c08-e,-0.42685886225947534
srmag/m-qd2/c08-e,-0.6179748067582073
srmag/m-qf1/c08-e,0.7927634786831567
srmag/m-qf1/c09-a,0.7925083076304686
srmag/m-qd2/c09-a,-0.6175884055295032
srmag/m-qd3/c09-a,-0.427520247090059
srmag/m-qf4/c09-a,0.5530915534135921
srmag/m-qf4/c09-b,0.5477306213822942
srmag/m-qd5/c09-b,-0.6299881229900359
srmag/m-qf6/c09-b,1.7791564394080177
srmag/m-dq1/c09-b,-1.9110147502709374
srmag/m-qf8/c09-b,2.179201209044364
srmag/m-dq2/c09-c,-1.2693435744186166
srmag/m-qf8/c09-d,2.179201209044364
srmag/m-dq1/c09-d,-1.9110147502709374
srmag/m-qf6/c09-d,1.7791564394080177
srmag/m-qd5/c09-d,-0.6299881229900359
srmag/m-qf4/c09-d,0.5477306213822942
srmag/m-qf4/c09-e,0.5530915534135921
srmag/m-qd3/c09-e,-0.427520247090059
srmag/m-qd2/c09-e,-0.6175884055295032
srmag/m-qf1/c09-e,0.7925083076304686
srmag/m-qf1/c10-a,0.7925083076304686
srmag/m-qd2/c10-a,-0.6175884055295032
srmag/m-qd3/c10-a,-0.427520247090059
srmag/m-qf4/c10-a,0.5530915534135921
srmag/m-qf4/c10-b,0.5477306213822942
srmag/m-qd5/c10-b,-0.6299881229900359
srmag/m-qf6/c10-b,1.7791564394080177
srmag/m-dq1/c10-b,-1.9110147502709374
srmag/m-qf8/c10-b,2.179201209044364
srmag/m-dq2/c10-c,-1.2693435744186166
srmag/m-qf8/c10-d,2.179201209044364
srmag/m-dq1/c10-d,-1.9110147502709374
srmag/m-qf6/c10-d,1.7791564394080177
srmag/m-qd5/c10-d,-0.6299881229900359
srmag/m-qf4/c10-d,0.5477306213822942
srmag/m-qf4/c10-e,0.5530915534135921
srmag/m-qd3/c10-e,-0.427520247090059
srmag/m-qd2/c10-e,-0.6175884055295032
srmag/m-qf1/c10-e,0.7925083076304686
srmag/m-qf1/c11-a,0.7925083076304686
srmag/m-qd2/c11-a,-0.6175884055295032
srmag/m-qd3/c11-a,-0.427520247090059
srmag/m-qf4/c11-a,0.5530915534135921
srmag/m-qf4/c11-b,0.5477306213822942
srmag/m-qd5/c11-b,-0.6299881229900359
srmag/m-qf6/c11-b,1.7791564394080177
srmag/m-dq1/c11-b,-1.9110147502709374
srmag/m-qf8/c11-b,2.179201209044364
srmag/m-dq2/c11-c,-1.2693435744186166
srmag/m-qf8/c11-d,2.179201209044364
srmag/m-dq1/c11-d,-1.9110147502709374
srmag/m-qf6/c11-d,1.7791564394080177
srmag/m-qd5/c11-d,-0.6299881229900359
srmag/m-qf4/c11-d,0.5477306213822942
srmag/m-qf4/c11-e,0.5530915534135921
srmag/m-qd3/c11-e,-0.427520247090059
srmag/m-qd2/c11-e,-0.6175884055295032
srmag/m-qf1/c11-e,0.7925083076304686
srmag/m-qf1/c12-a,0.7925083076304686
srmag/m-qd2/c12-a,-0.6175884055295032
srmag/m-qd3/c12-a,-0.427520247090059
srmag/m-qf4/c12-a,0.5530915534135921
srmag/m-qf4/c12-b,0.5477306213822942
srmag/m-qd5/c12-b,-0.6299881229900359
srmag/m-qf6/c12-b,1.7791564394080177
srmag/m-dq1/c12-b,-1.9110147502709374
srmag/m-qf8/c12-b,2.179201209044364
srmag/m-dq2/c12-c,-1.2693435744186166
srmag/m-qf8/c12-d,2.179201209044364
srmag/m-dq1/c12-d,-1.9110147502709374
srmag/m-qf6/c12-d,1.7791564394080177
srmag/m-qd5/c12-d,-0.6299881229900359
srmag/m-qf4/c12-d,0.5477306213822942
srmag/m-qf4/c12-e,0.5530915534135921
srmag/m-qd3/c12-e,-0.427520247090059
srmag/m-qd2/c12-e,-0.6175884055295032
srmag/m-qf1/c12-e,0.7925083076304686
srmag/m-qf1/c13-a,0.7925083076304686
srmag/m-qd2/c13-a,-0.6175884055295032
srmag/m-qd3/c13-a,-0.427520247090059
srmag/m-qf4/c13-a,0.5530915534135921
srmag/m-qf4/c13-b,0.5477306213822942
srmag/m-qd5/c13-b,-0.6299881229900359
srmag/m-qf6/c13-b,1.7791564394080177
srmag/m-dq1/c13-b,-1.9110147502709374
srmag/m-qf8/c13-b,2.179201209044364
srmag/m-dq2/c13-c,-1.2693435744186166
srmag/m-qf8/c13-d,2.179201209044364
srmag/m-dq1/c13-d,-1.9110147502709374
srmag/m-qf6/c13-d,1.7791564394080177
srmag/m-qd5/c13-d,-0.6299881229900359
srmag/m-qf4/c13-d,0.5477306213822942
srmag/m-qf4/c13-e,0.5530915534135921
srmag/m-qd3/c13-e,-0.427520247090059
srmag/m-qd2/c13-e,-0.6175884055295032
srmag/m-qf1/c13-e,0.7925083076304686
srmag/m-qf1/c14-a,0.7925083076304686
srmag/m-qd2/c14-a,-0.6175884055295032
srmag/m-qd3/c14-a,-0.427520041075008
srmag/m-qf4/c14-a,0.5530900868485057
srmag/m-qf4/c14-b,0.5471756207604052
srmag/m-qd5/c14-b,-0.6284862188632354
srmag/m-qf6/c14-b,1.7776207791272893
srmag/m-dq1/c14-b,-1.9110147502709374
srmag/m-qf8/c14-b,2.179201209044364
srmag/m-dq2/c14-c,-1.2693435744186166
srmag/m-qf8/c14-d,2.179201209044364
srmag/m-dq1/c14-d,-1.9110147502709374
srmag/m-qf6/c14-d,1.7805823740948807
srmag/m-qd5/c14-d,-0.6317382929633523
srmag/m-qf4/c14-d,0.5655438057029555
srmag/m-qf4/c14-e,0.5198081311069334
srmag/m-qd3/c14-e,-0.41176417789281816
srmag/m-qd2/c14-e,-0.6363075778910049
srmag/m-qf1/c14-e,0.8172956386178192
srmag/m-qf1/c15-a,0.8172956386178192
srmag/m-qd2/c15-a,-0.6363075778910049
srmag/m-qd3/c15-a,-0.4119774048386578
srmag/m-qf4/c15-a,0.526423301688674
srmag/m-qf4/c15-b,0.5585271062335371
srmag/m-qd5/c15-b,-0.6305407541031638
srmag/m-qf6/c15-b,1.779160308784927
srmag/m-dq1/c15-b,-1.9110147502709374
srmag/m-qf8/c15-b,2.179201209044364
srmag/m-dq2/c15-c,-1.2693435744186166
srmag/m-qf8/c15-d,2.179201209044364
srmag/m-dq1/c15-d,-1.9110147502709374
srmag/m-qf6/c15-d,1.7791635043557978
srmag/m-qd5/c15-d,-0.6309921471305411
srmag/m-qf4/c15-d,0.5673474500282278
srmag/m-qf4/c15-e,0.5122109794189955
srmag/m-qd3/c15-e,-0.40668268868699425
srmag/m-qd2/c15-e,-0.6421895152996682
srmag/m-qf1/c15-e,0.8259507400996886
srmag/m-qf1/c16-a,0.8257533472095736
srmag/m-qd2/c16-a,-0.6417423881627411
srmag/m-qd3/c16-a,-0.4074280465964988
srmag/m-qf4/c16-a,0.51325220361647
srmag/m-qf4/c16-b,0.5692985677645858
srmag/m-qd5/c16-b,-0.6316732594981369
srmag/m-qf6/c16-b,1.779616282213522
srmag/m-dq1/c16-b,-1.9110147502709374
srmag/m-qf8/c16-b,2.179201209044364
srmag/m-dq2/c16-c,-1.2693435744186166
srmag/m-qf8/c16-d,2.179201209044364
srmag/m-dq1/c16-d,-1.9110147502709374
srmag/m-qf6/c16-d,1.778714123221229
srmag/m-qd5/c16-d,-0.6294037110886478
srmag/m-qf4/c16-d,0.5456680903904217
srmag/m-qf4/c16-e,0.5521771402563354
srmag/m-qd3/c16-e,-0.4266910569110697
srmag/m-qd2/c16-e,-0.6181097005439843
srmag/m-qf1/c16-e,0.7927368627047185
srmag/m-qf1/c17-a,0.7925083076304686
srmag/m-qd2/c17-a,-0.6175884055295032
srmag/m-qd3/c17-a,-0.427520247090059
srmag/m-qf4/c17-a,0.5530915534135921
srmag/m-qf4/c17-b,0.5477306213822942
srmag/m-qd5/c17-b,-0.6299881229900359
srmag/m-qf6/c17-b,1.7791564394080177
srmag/m-dq1/c17-b,-1.9110147502709374
srmag/m-qf8/c17-b,2.179201209044364
srmag/m-dq2/c17-c,-1.2693435744186166
srmag/m-qf8/c17-d,2.179201209044364
srmag/m-dq1/c17-d,-1.9110147502709374
srmag/m-qf6/c17-d,1.7791564394080177
srmag/m-qd5/c17-d,-0.6299881229900359
srmag/m-qf4/c17-d,0.5477306213822942
srmag/m-qf4/c17-e,0.5530915534135921
srmag/m-qd3/c17-e,-0.427520247090059
srmag/m-qd2/c17-e,-0.6175884055295032
srmag/m-qf1/c17-e,0.7925083076304686
srmag/m-qf1/c18-a,0.7925083076304686
srmag/m-qd2/c18-a,-0.6175884055295032
srmag/m-qd3/c18-a,-0.427520247090059
srmag/m-qf4/c18-a,0.5530915534135921
srmag/m-qf4/c18-b,0.5477306213822942
srmag/m-qd5/c18-b,-0.6299881229900359
srmag/m-qf6/c18-b,1.7791564394080177
srmag/m-dq1/c18-b,-1.9110147502709374
srmag/m-qf8/c18-b,2.179201209044364
srmag/m-dq2/c18-c,-1.2693435744186166
srmag/m-qf8/c18-d,2.179201209044364
srmag/m-dq1/c18-d,-1.9110147502709374
srmag/m-qf6/c18-d,1.7791564394080177
srmag/m-qd5/c18-d,-0.6299881229900359
srmag/m-qf4/c18-d,0.5477306213822942
srmag/m-qf4/c18-e,0.5530915534135921
srmag/m-qd3/c18-e,-0.427520247090059
srmag/m-qd2/c18-e,-0.6175884055295032
srmag/m-qf1/c18-e,0.7925083076304686
srmag/m-qf1/c19-a,0.7925083076304686
srmag/m-qd2/c19-a,-0.6175884055295032
srmag/m-qd3/c19-a,-0.427520247090059
srmag/m-qf4/c19-a,0.5530915534135921
srmag/m-qf4/c19-b,0.5477306213822942
srmag/m-qd5/c19-b,-0.6299881229900359
srmag/m-qf6/c19-b,1.7791564394080177
srmag/m-dq1/c19-b,-1.9110147502709374
srmag/m-qf8/c19-b,2.179201209044364
srmag/m-dq2/c19-c,-1.2693435744186166
srmag/m-qf8/c19-d,2.179201209044364
srmag/m-dq1/c19-d,-1.9110147502709374
srmag/m-qf6/c19-d,1.7791564394080177
srmag/m-qd5/c19-d,-0.6299881229900359
srmag/m-qf4/c19-d,0.5477306213822942
srmag/m-qf4/c19-e,0.5530915534135921
srmag/m-qd3/c19-e,-0.427520247090059
srmag/m-qd2/c19-e,-0.6175884055295032
srmag/m-qf1/c19-e,0.7925083076304686
srmag/m-qf1/c20-a,0.7922117043717326
srmag/m-qd2/c20-a,-0.6170849428365647
srmag/m-qd3/c20-a,-0.4282454938372524
srmag/m-qf4/c20-a,0.5541037023330647
srmag/m-qf4/c20-b,0.5496491777435987
srmag/m-qd5/c20-b,-0.6305267552341184
srmag/m-qf6/c20-b,1.7792274293954289
srmag/m-dq1/c20-b,-1.9110147502709374
srmag/m-qf8/c20-b,2.179201209044364
srmag/m-dq2/c20-c,-1.2693435744186166
srmag/m-qf8/c20-d,2.179201209044364
srmag/m-dq1/c20-d,-1.9110147502709374
srmag/m-qf6/c20-d,1.779084587437497
srmag/m-qd5/c20-d,-0.6295184124162589
srmag/m-qf4/c20-d,0.5458374580650305
srmag/m-qf4/c20-e,0.5520905299635487
srmag/m-qd3/c20-e,-0.4268588226988784
srmag/m-qd2/c20-e,-0.6179744949236852
srmag/m-qf1/c20-e,0.7927633382325209
srmag/m-qf1/c21-a,0.7925083076304686
srmag/m-qd2/c21-a,-0.6175884055295032
srmag/m-qd3/c21-a,-0.427520247090059
srmag/m-qf4/c21-a,0.5530915534135921
srmag/m-qf4/c21-b,0.5477306213822942
srmag/m-qd5/c21-b,-0.6299881229900359
srmag/m-qf6/c21-b,1.7791564394080177
srmag/m-dq1/c21-b,-1.9110147502709374
srmag/m-qf8/c21-b,2.179201209044364
srmag/m-dq2/c21-c,-1.2693435744186166
srmag/m-qf8/c21-d,2.179201209044364
srmag/m-dq1/c21-d,-1.9110147502709374
srmag/m-qf6/c21-d,1.7791564394080177
srmag/m-qd5/c21-d,-0.6299881229900359
srmag/m-qf4/c21-d,0.5477306213822942
srmag/m-qf4/c21-e,0.5530915534135921
srmag/m-qd3/c21-e,-0.427520247090059
srmag/m-qd2/c21-e,-0.6175884055295032
srmag/m-qf1/c21-e,0.7925083076304686
srmag/m-qf1/c22-a,0.7925083076304686
srmag/m-qd2/c22-a,-0.6175884055295032
srmag/m-qd3/c22-a,-0.427520247090059
srmag/m-qf4/c22-a,0.5530915534135921
srmag/m-qf4/c22-b,0.5477306213822942
srmag/m-qd5/c22-b,-0.6299881229900359
srmag/m-qf6/c22-b,1.7791564394080177
srmag/m-dq1/c22-b,-1.9110147502709374
srmag/m-qf8/c22-b,2.179201209044364
srmag/m-dq2/c22-c,-1.2693435744186166
srmag/m-qf8/c22-d,2.179201209044364
srmag/m-dq1/c22-d,-1.9110147502709374
srmag/m-qf6/c22-d,1.7791564394080177
srmag/m-qd5/c22-d,-0.6299881229900359
srmag/m-qf4/c22-d,0.5477306213822942
srmag/m-qf4/c22-e,0.5530915534135921
srmag/m-qd3/c22-e,-0.427520247090059
srmag/m-qd2/c22-e,-0.6175884055295032
srmag/m-qf1/c22-e,0.7925083076304686
srmag/m-qf1/c23-a,0.7925083076304686
srmag/m-qd2/c23-a,-0.6175884055295032
srmag/m-qd3/c23-a,-0.42751884364272014
srmag/m-qf4/c23-a,0.553083024073704
srmag/m-qf4/c23-b,0.548138819685523
srmag/m-qd5/c23-b,-0.6307605944360841
srmag/m-qf6/c23-b,1.7808236054970425
srmag/m-dq1/c23-b,-1.9110147502709374
srmag/m-qf8/c23-b,2.179201209044364
srmag/m-dq2/c23-c,-1.2693435744186166
srmag/m-qf8/c23-d,2.179201209044364
srmag/m-dq1/c23-d,-1.9110147502709374
srmag/m-qf6/c23-d,1.7774477413554548
srmag/m-qd5/c23-d,-0.6280599823380425
srmag/m-qf4/c23-d,0.5388973245473736
srmag/m-qf4/c23-e,0.5614341929675407
srmag/m-qd3/c23-e,-0.42858416529649757
srmag/m-qd2/c23-e,-0.6175884055295032
srmag/m-qf1/c23-e,0.7925083076304686
srmag/m-qf1/c24-a,0.7925083076304686
srmag/m-qd2/c24-a,-0.6175884055295032
srmag/m-qd3/c24-a,-0.427520247090059
srmag/m-qf4/c24-a,0.5530915534135921
srmag/m-qf4/c24-b,0.5477306213822942
srmag/m-qd5/c24-b,-0.6299881229900359
srmag/m-qf6/c24-b,1.7791564394080177
srmag/m-dq1/c24-b,-1.9110147502709374
srmag/m-qf8/c24-b,2.179201209044364
srmag/m-dq2/c24-c,-1.2693435744186166
srmag/m-qf8/c24-d,2.179201209044364
srmag/m-dq1/c24-d,-1.9110147502709374
srmag/m-qf6/c24-d,1.7791564394080177
srmag/m-qd5/c24-d,-0.6299881229900359
srmag/m-qf4/c24-d,0.5477306213822942
srmag/m-qf4/c24-e,0.5530915534135921
srmag/m-qd3/c24-e,-0.427520247090059
srmag/m-qd2/c24-e,-0.6175884055295032
srmag/m-qf1/c24-e,0.7925083076304686
srmag/m-qf1/c25-a,0.7925083076304686
srmag/m-qd2/c25-a,-0.6175884055295032
srmag/m-qd3/c25-a,-0.4275188190365839
srmag/m-qf4/c25-a,0.5530831193959433
srmag/m-qf4/c25-b,0.5481391214581205
srmag/m-qd5/c25-b,-0.6307627233868041
srmag/m-qf6/c25-b,1.7808253982980693
srmag/m-dq1/c25-b,-1.9110147502709374
srmag/m-qf8/c25-b,2.179201209044364
srmag/m-dq2/c25-c,-1.2693435744186166
srmag/m-qf8/c25-d,2.179201209044364
srmag/m-dq1/c25-d,-1.9110147502709374
srmag/m-qf6/c25-d,1.777446489846746
srmag/m-qd5/c25-d,-0.6280589258893207
srmag/m-qf4/c25-d,0.5388898653889476
srmag/m-qf4/c25-e,0.5614411696278115
srmag/m-qd3/c25-e,-0.4285838296342247
srmag/m-qd2/c25-e,-0.6175884055295032
srmag/m-qf1/c25-e,0.7925083076304686
srmag/m-qf1/c26-a,0.7922117785682908
srmag/m-qd2/c26-a,-0.6170848248354822
srmag/m-qd3/c26-a,-0.42824566985058893
srmag/m-qf4/c26-a,0.554104183333096
srmag/m-qf4/c26-b,0.5496489751243439
srmag/m-qd5/c26-b,-0.6305287773300029
srmag/m-qf6/c26-b,1.7792287883123359
srmag/m-dq1/c26-b,-1.9110147502709374
srmag/m-qf8/c26-b,2.179201209044364
srmag/m-dq2/c26-c,-1.2693435744186166
srmag/m-qf8/c26-d,2.179201209044364
srmag/m-dq1/c26-d,-1.9110147502709374
srmag/m-qf6/c26-d,1.7790839936712695
srmag/m-qd5/c26-d,-0.6295189152894438
srmag/m-qf4/c26-d,0.5458348847170174
srmag/m-qf4/c26-e,0.5520924231412098
srmag/m-qd3/c26-e,-0.42685614850492243
srmag/m-qd2/c26-e,-0.6179757995818691
srmag/m-qf1/c26-e,0.7927638598036899
srmag/m-qf1/c27-a,0.7925083076304686
srmag/m-qd2/c27-a,-0.6175884055295032
srmag/m-qd3/c27-a,-0.427520247090059
srmag/m-qf4/c27-a,0.5530915534135921
srmag/m-qf4/c27-b,0.5477306213822942
srmag/m-qd5/c27-b,-0.6299881229900359
srmag/m-qf6/c27-b,1.7791564394080177
srmag/m-dq1/c27-b,-1.9110147502709374
srmag/m-qf8/c27-b,2.179201209044364
srmag/m-dq2/c27-c,-1.2693435744186166
srmag/m-qf8/c27-d,2.179201209044364
srmag/m-dq1/c27-d,-1.9110147502709374
srmag/m-qf6/c27-d,1.7791564394080177
srmag/m-qd5/c27-d,-0.6299881229900359
srmag/m-qf4/c27-d,0.5477306213822942
srmag/m-qf4/c27-e,0.5530915534135921
srmag/m-qd3/c27-e,-0.427520247090059
srmag/m-qd2/c27-e,-0.6175884055295032
srmag/m-qf1/c27-e,0.7925083076304686
srmag/m-qf1/c28-a,0.7922116233599168
srmag/m-qd2/c28-a,-0.6170847216809164
srmag/m-qd3/c28-a,-0.42824567866651625
srmag/m-qf4/c28-a,0.5541040310201126
srmag/m-qf4/c28-b,0.5496492047353634
srmag/m-qd5/c28-b,-0.6305290688775105
srmag/m-qf6/c28-b,1.7792287460644463
srmag/m-dq1/c28-b,-1.9110147502709374
srmag/m-qf8/c28-b,2.179201209044364
srmag/m-dq2/c28-c,-1.2693435744186166
srmag/m-qf8/c28-d,2.179201209044364
srmag/m-dq1/c28-d,-1.9110147502709374
srmag/m-qf6/c28-d,1.7790843177877527
srmag/m-qd5/c28-d,-0.6295191131928629
srmag/m-qf4/c28-d,0.5458348958698133
srmag/m-qf4/c28-e,0.5520924580272002
srmag/m-qd3/c28-e,-0.42685604004019406
srmag/m-qd2/c28-e,-0.6179756664111217
srmag/m-qf1/c28-e,0.7927638049408227
srmag/m-qf1/c29-a,0.7925083076304686
srmag/m-qd2/c29-a,-0.6175884055295032
srmag/m-qd3/c29-a,-0.4275199710529779
srmag/m-qf4/c29-a,0.5530902520763685
srmag/m-qf4/c29-b,0.5471762824634061
srmag/m-qd5/c29-b,-0.6284908465060859
srmag/m-qf6/c29-b,1.777620170944165
srmag/m-dq1/c29-b,-1.9110147502709374
srmag/m-qf8/c29-b,2.179201209044364
srmag/m-dq2/c29-c,-1.2693435744186166
srmag/m-qf8/c29-d,2.179201209044364
srmag/m-dq1/c29-d,-1.9110147502709374
srmag/m-qf6/c29-d,1.7805843831971715
srmag/m-qd5/c29-d,-0.6318481622642538
srmag/m-qf4/c29-d,0.5677715238571491
srmag/m-qf4/c29-e,0.5160225859791782
srmag/m-qd3/c29-e,-0.41024161816630106
srmag/m-qd2/c29-e,-0.6380209903314816
srmag/m-qf1/c29-e,0.81976990038807
srmag/m-qf1/c30-a,0.8195450222441725
srmag/m-qd2/c30-a,-0.6375599852903189
srmag/m-qd3/c30-a,-0.4112059060340232
srmag/m-qf4/c30-a,0.5236836844725489
srmag/m-qf4/c30-b,0.5626997963130673
srmag/m-qd5/c30-b,-0.6313004906899571
srmag/m-qf6/c30-b,1.7795106015675393
srmag/m-dq1/c30-b,-1.9110147502709374
srmag/m-qf8/c30-b,2.179201209044364
srmag/m-dq2/c30-c,-1.2693435744186166
srmag/m-qf8/c30-d,2.179201209044364
srmag/m-dq1/c30-d,-1.9110147502709374
srmag/m-qf6/c30-d,1.7788152771388652
srmag/m-qd5/c30-d,-0.6294339960909591
srmag/m-qf4/c30-d,0.5457156061016357
srmag/m-qf4/c30-e,0.5521508413814596
srmag/m-qd3/c30-e,-0.42673777163339155
srmag/m-qd2/c30-e,-0.6180699776851863
srmag/m-qf1/c30-e,0.7927446768081556
srmag/m-qf1/c31-a,0.7925083076304686
srmag/m-qd2/c31-a,-0.6175884055295032
srmag/m-qd3/c31-a,-0.42751881697643146
srmag/m-qf4/c31-a,0.5530831064088844
srmag/m-qf4/c31-b,0.5481391203323721
srmag/m-qd5/c31-b,-0.6307626737072975
srmag/m-qf6/c31-b,1.7808253862116186
srmag/m-dq1/c31-b,-1.9110147502709374
srmag/m-qf8/c31-b,2.179201209044364
srmag/m-dq2/c31-c,-1.2693435744186166
srmag/m-qf8/c31-d,2.179201209044364
srmag/m-dq1/c31-d,-1.9110147502709374
srmag/m-qf6/c31-d,1.7774464524827294
srmag/m-qd5/c31-d,-0.6280588901536973
srmag/m-qf4/c31-d,0.5388898146268706
srmag/m-qf4/c31-e,0.5614412221242001
srmag/m-qd3/c31-e,-0.42858387818636345
srmag/m-qd2/c31-e,-0.6175884055295032
srmag/m-qf1/c31-e,0.7925083076304686
srmag/m-qf1/c32-a,0.7922118961610275
srmag/m-qd2/c32-a,-0.6170848933880283
srmag/m-qd3/c32-a,-0.4282456571730921
srmag/m-qf4/c32-a,0.5541041980933944
srmag/m-qf4/c32-b,0.5496488896769715
srmag/m-qd5/c32-b,-0.630528516791892
srmag/m-qf6/c32-b,1.779228827107164
srmag/m-dq1/c32-b,-1.9110147502709374
srmag/m-qf8/c32-b,2.179201209044364
srmag/m-dq2/c32-c,-1.2693435744186166
srmag/m-qf8/c32-d,2.179201209044364
srmag/m-dq1/c32-d,-1.9110147502709374
srmag/m-qf6/c32-d,1.779083706015974
srmag/m-qd5/c32-d,-0.6295187577013006
srmag/m-qf4/c32-d,0.5458348157863722
srmag/m-qf4/c32-e,0.5520924446481568
srmag/m-qd3/c32-e,-0.4268562018399862
srmag/m-qd2/c32-e,-0.6179759789502852
srmag/m-qf1/c32-e,0.7927639422879035
srmag/m-qf1/c01-a,0.7925083076304686
srmag/m-qd2/c01-a,-0.6175884055295032
srmag/m-qd3/c01-a,-0.42751881794751084
srmag/m-qf4/c01-a,0.5530831117895167
srmag/m-qf4/c01-b,0.5481391424708743
srmag/m-qd5/c01-b,-0.6307627764982336
srmag/m-qf6/c01-b,1.780825421654894
srmag/m-dq1/c01-b,-1.9110147502709374
srmag/m-qf8/c01-b,2.179201209044364
srmag/m-dq2/c01-c,-1.2693435744186166
srmag/m-qf8/c01-d,2.179201209044364
srmag/m-dq1/c01-d,-1.9110147502709374
srmag/m-qf6/c01-d,1.7774465112243782
srmag/m-qd5/c01-d,-0.6280589504586994
srmag/m-qf4/c01-d,0.5388898901329546
srmag/m-qf4/c01-e,0.5614411424868858
srmag/m-qd3/c01-e,-0.428583788291822
srmag/m-qd2/c01-e,-0.6175884055295032
srmag/m-qf1/c01-e,0.7925083076304686
srmag/m-qf1/c02-a,0.792211824217169
srmag/m-qd2/c02-a,-0.6170848724893767
srmag/m-qd3/c02-a,-0.42824566730352054
srmag/m-qf4/c02-a,0.554104207423634
srmag/m-qf4/c02-b,0.549648932069604
srmag/m-qd5/c02-b,-0.6305287118825453
srmag/m-qf6/c02-b,1.779228789161789
srmag/m-dq1/c02-b,-1.9110147502709374
srmag/m-qf8/c02-b,2.179201209044364
srmag/m-dq2/c02-c,-1.2693435744186166
srmag/m-qf8/c02-d,2.179201209044364
srmag/m-dq1/c02-d,-1.9110147502709374
srmag/m-qf6/c02-d,1.7790839169409867
srmag/m-qd5/c02-d,-0.6295188433801628
srmag/m-qf4/c02-d,0.5458348724515092
srmag/m-qf4/c02-e,0.5520924164559808
srmag/m-qd3/c02-e,-0.4268561648623333
srmag/m-qd2/c02-e,-0.6179758331030961
srmag/m-qf1/c02-e,0.7927638770013143
srmag/m-qf1/c03-a,0.7925083076304686
srmag/m-qd2/c03-a,-0.6175884055295032
srmag/m-qd3/c03-a,-0.427520247090059
srmag/m-qf4/c03-a,0.5530915534135921
srmag/m-qf4/c03-b,0.5477306213822942
srmag/m-qd5/c03-b,-0.6299881229900359
srmag/m-qf6/c03-b,1.7791564394080177
srmag/m-dq1/c03-b,-1.9110147502709374
srmag/m-qf8/c03-b,2.179201209044364
srmag/m-dq2/c03-c,-1.2693435744186166
srmag/m-qf8/c03-d,2.179201209044364
srmag/m-dq1/c03-d,-1.9110147502709374
srmag/m-qf6/c03-d,1.7791564394080177
srmag/m-qd5/c03-d,-0.6299881229900359
srmag/m-qf4/c03-d,0.5477306213822942
srmag/m-qf4/c03-e,0.5670848036882963
srmag/m-qd3/c03-e,-0.7953309253201659
srmag/m-qf2/c03-e,0.5613724428988204
srmag/m-qd2/c03-e,-0.4443686100850717
srmag/m-qf1/c03-e,0.4392737282479118
srmag/m-sd1/c04-a,-14.87194216987204
srmag/m-sf2/c04-a,18.081543205050075
srmag/m-sd1/c04-b,-14.350913915596115
srmag/m-sd1/c04-d,-14.275549597467897
srmag/m-sf2/c04-e,18.411114787295073
srmag/m-sd1/c04-e,-15.130585896437376
srmag/m-sd1/c05-a,-14.676300532334041
srmag/m-sf2/c05-a,16.995995697665187
srmag/m-sd1/c05-b,-13.549069564072314
srmag/m-sd1/c05-d,-13.549069564072314
srmag/m-sf2/c05-e,16.995995697665187
srmag/m-sd1/c05-e,-14.676300532334041
srmag/m-sd1/c06-a,-14.676300532334041
srmag/m-sf2/c06-a,16.995995697665187
srmag/m-sd1/c06-b,-13.549069564072314
srmag/m-sd1/c06-d,-13.549069564072314
srmag/m-sf2/c06-e,16.995995697665187
srmag/m-sd1/c06-e,-14.676300532334041
srmag/m-sd1/c07-a,-14.676300532334041
srmag/m-sf2/c07-a,16.995995697665187
srmag/m-sd1/c07-b,-13.549069564072314
srmag/m-sd1/c07-d,-13.549069564072314
srmag/m-sf2/c07-e,16.995995697665187
srmag/m-sd1/c07-e,-14.676300532334041
srmag/m-sd1/c08-a,-14.676300532334041
srmag/m-sf2/c08-a,16.995995697665187
srmag/m-sd1/c08-b,-13.549069564072314
srmag/m-sd1/c08-d,-13.549069564072314
srmag/m-sf2/c08-e,16.995995697665187
srmag/m-sd1/c08-e,-14.676300532334041
srmag/m-sd1/c09-a,-14.676300532334041
srmag/m-sf2/c09-a,16.995995697665187
srmag/m-sd1/c09-b,-13.549069564072314
srmag/m-sd1/c09-d,-13.549069564072314
srmag/m-sf2/c09-e,16.995995697665187
srmag/m-sd1/c09-e,-14.676300532334041
srmag/m-sd1/c10-a,-14.676300532334041
srmag/m-sf2/c10-a,16.995995697665187
srmag/m-sd1/c10-b,-13.549069564072314
srmag/m-sd1/c10-d,-13.549069564072314
srmag/m-sf2/c10-e,16.995995697665187
srmag/m-sd1/c10-e,-14.676300532334041
srmag/m-sd1/c11-a,-14.676300532334041
srmag/m-sf2/c11-a,16.995995697665187
srmag/m-sd1/c11-b,-13.549069564072314
srmag/m-sd1/c11-d,-13.549069564072314
srmag/m-sf2/c11-e,16.995995697665187
srmag/m-sd1/c11-e,-14.676300532334041
srmag/m-sd1/c12-a,-14.676300532334041
srmag/m-sf2/c12-a,16.995995697665187
srmag/m-sd1/c12-b,-13.549069564072314
srmag/m-sd1/c12-d,-13.549069564072314
srmag/m-sf2/c12-e,16.995995697665187
srmag/m-sd1/c12-e,-14.676300532334041
srmag/m-sd1/c13-a,-14.676300532334041
srmag/m-sf2/c13-a,16.995995697665187
srmag/m-sd1/c13-b,-13.549069564072314
srmag/m-sd1/c13-d,-13.549069564072314
srmag/m-sf2/c13-e,16.995995697665187
srmag/m-sd1/c13-e,-14.676300532334041
srmag/m-sd1/c14-a,-14.676300532334041
srmag/m-sf2/c14-a,16.995995697665187
srmag/m-sd1/c14-b,-13.549069564072314
srmag/m-sd1/c14-d,-13.549069564072314
srmag/m-sf2/c14-e,16.995995697665187
srmag/m-sd1/c14-e,-14.676300532334041
srmag/m-sd1/c15-a,-14.676300532334041
srmag/m-sf2/c15-a,16.995995697665187
srmag/m-sd1/c15-b,-13.549069564072314
srmag/m-sd1/c15-d,-13.549069564072314
srmag/m-sf2/c15-e,16.995995697665187
srmag/m-sd1/c15-e,-14.676300532334041
srmag/m-sd1/c16-a,-14.676300532334041
srmag/m-sf2/c16-a,16.995995697665187
srmag/m-sd1/c16-b,-13.549069564072314
srmag/m-sd1/c16-d,-13.549069564072314
srmag/m-sf2/c16-e,16.995995697665187
srmag/m-sd1/c16-e,-14.676300532334041
srmag/m-sd1/c17-a,-14.676300532334041
srmag/m-sf2/c17-a,16.995995697665187
srmag/m-sd1/c17-b,-13.549069564072314
srmag/m-sd1/c17-d,-13.549069564072314
srmag/m-sf2/c17-e,16.995995697665187
srmag/m-sd1/c17-e,-14.676300532334041
srmag/m-sd1/c18-a,-14.676300532334041
srmag/m-sf2/c18-a,16.995995697665187
srmag/m-sd1/c18-b,-13.549069564072314
srmag/m-sd1/c18-d,-13.549069564072314
srmag/m-sf2/c18-e,16.995995697665187
srmag/m-sd1/c18-e,-14.676300532334041
srmag/m-sd1/c19-a,-14.676300532334041
srmag/m-sf2/c19-a,16.995995697665187
srmag/m-sd1/c19-b,-13.549069564072314
srmag/m-sd1/c19-d,-13.549069564072314
srmag/m-sf2/c19-e,16.995995697665187
srmag/m-sd1/c19-e,-14.676300532334041
srmag/m-sd1/c20-a,-14.676300532334041
srmag/m-sf2/c20-a,16.995995697665187
srmag/m-sd1/c20-b,-13.549069564072314
srmag/m-sd1/c20-d,-13.549069564072314
srmag/m-sf2/c20-e,16.995995697665187
srmag/m-sd1/c20-e,-14.676300532334041
srmag/m-sd1/c21-a,-14.676300532334041
srmag/m-sf2/c21-a,16.995995697665187
srmag/m-sd1/c21-b,-13.549069564072314
srmag/m-sd1/c21-d,-13.549069564072314
srmag/m-sf2/c21-e,16.995995697665187
srmag/m-sd1/c21-e,-14.676300532334041
srmag/m-sd1/c22-a,-14.676300532334041
srmag/m-sf2/c22-a,16.995995697665187
srmag/m-sd1/c22-b,-13.549069564072314
srmag/m-sd1/c22-d,-13.549069564072314
srmag/m-sf2/c22-e,16.995995697665187
srmag/m-sd1/c22-e,-14.676300532334041
srmag/m-sd1/c23-a,-14.676300532334041
srmag/m-sf2/c23-a,16.995995697665187
srmag/m-sd1/c23-b,-13.549069564072314
srmag/m-sd1/c23-d,-13.549069564072314
srmag/m-sf2/c23-e,16.995995697665187
srmag/m-sd1/c23-e,-14.676300532334041
srmag/m-sd1/c24-a,-14.676300532334041
srmag/m-sf2/c24-a,16.995995697665187
srmag/m-sd1/c24-b,-13.549069564072314
srmag/m-sd1/c24-d,-13.549069564072314
srmag/m-sf2/c24-e,16.995995697665187
srmag/m-sd1/c24-e,-14.676300532334041
srmag/m-sd1/c25-a,-14.676300532334041
srmag/m-sf2/c25-a,16.995995697665187
srmag/m-sd1/c25-b,-13.549069564072314
srmag/m-sd1/c25-d,-13.549069564072314
srmag/m-sf2/c25-e,16.995995697665187
srmag/m-sd1/c25-e,-14.676300532334041
srmag/m-sd1/c26-a,-14.676300532334041
srmag/m-sf2/c26-a,16.995995697665187
srmag/m-sd1/c26-b,-13.549069564072314
srmag/m-sd1/c26-d,-13.549069564072314
srmag/m-sf2/c26-e,16.995995697665187
srmag/m-sd1/c26-e,-14.676300532334041
srmag/m-sd1/c27-a,-14.676300532334041
srmag/m-sf2/c27-a,16.995995697665187
srmag/m-sd1/c27-b,-13.549069564072314
srmag/m-sd1/c27-d,-13.549069564072314
srmag/m-sf2/c27-e,16.995995697665187
srmag/m-sd1/c27-e,-14.676300532334041
srmag/m-sd1/c28-a,-14.676300532334041
srmag/m-sf2/c28-a,16.995995697665187
srmag/m-sd1/c28-b,-13.549069564072314
srmag/m-sd1/c28-d,-13.549069564072314
srmag/m-sf2/c28-e,16.995995697665187
srmag/m-sd1/c28-e,-14.676300532334041
srmag/m-sd1/c29-a,-14.676300532334041
srmag/m-sf2/c29-a,16.995995697665187
srmag/m-sd1/c29-b,-13.549069564072314
srmag/m-sd1/c29-d,-13.549069564072314
srmag/m-sf2/c29-e,16.995995697665187
srmag/m-sd1/c29-e,-14.676300532334041
srmag/m-sd1/c30-a,-14.676300532334041
srmag/m-sf2/c30-a,16.995995697665187
srmag/m-sd1/c30-b,-13.549069564072314
srmag/m-sd1/c30-d,-13.549069564072314
srmag/m-sf2/c30-e,16.995995697665187
srmag/m-sd1/c30-e,-14.676300532334041
srmag/m-sd1/c31-a,-14.676300532334041
srmag/m-sf2/c31-a,16.995995697665187
srmag/m-sd1/c31-b,-13.549069564072314
srmag/m-sd1/c31-d,-13.549069564072314
srmag/m-sf2/c31-e,16.995995697665187
srmag/m-sd1/c31-e,-14.676300532334041
srmag/m-sd1/c32-a,-14.676300532334041
srmag/m-sf2/c32-a,16.995995697665187
srmag/m-sd1/c32-b,-13.549069564072314
srmag/m-sd1/c32-d,-13.549069564072314
srmag/m-sf2/c32-e,16.995995697665187
srmag/m-sd1/c32-e,-14.676300532334041
srmag/m-sd1/c01-a,-14.676300532334041
srmag/m-sf2/c01-a,16.995995697665187
srmag/m-sd1/c01-b,-13.549069564072314
srmag/m-sd1/c01-d,-13.549069564072314
srmag/m-sf2/c01-e,16.995995697665187
srmag/m-sd1/c01-e,-14.676300532334041
srmag/m-sd1/c02-a,-14.676300532334041
srmag/m-sf2/c02-a,16.995995697665187
srmag/m-sd1/c02-b,-13.549069564072314
srmag/m-sd1/c02-d,-13.549069564072314
srmag/m-sf2/c02-e,16.995995697665187
srmag/m-sd1/c02-e,-14.676300532334041
srmag/m-sd1/c03-a,-15.126813571408865
srmag/m-sf2/c03-a,18.403285974631263
srmag/m-sd1/c03-b,-14.264902911659647
srmag/m-sd1/c03-d,-14.346371338868007
srmag/m-sf2/c03-e,18.073871954912242
srmag/m-sd1/c03-e,-14.864449314498358
srmag/m-of1/c04-b,-132.59939975690224
srmag/m-of1/c04-d,-132.59939975690224
srmag/m-of1/c05-b,-132.59939975690224
srmag/m-of1/c05-d,-132.59939975690224
srmag/m-of1/c06-b,-132.59939975690224
srmag/m-of1/c06-d,-132.59939975690224
srmag/m-of1/c07-b,-132.59939975690224
srmag/m-of1/c07-d,-132.59939975690224
srmag/m-of1/c08-b,-132.59939975690224
srmag/m-of1/c08-d,-132.59939975690224
srmag/m-of1/c09-b,-132.59939975690224
srmag/m-of1/c09-d,-132.59939975690224
srmag/m-of1/c10-b,-132.59939975690224
srmag/m-of1/c10-d,-132.59939975690224
srmag/m-of1/c11-b,-132.59939975690224
srmag/m-of1/c11-d,-132.59939975690224
srmag/m-of1/c12-b,-132.59939975690224
srmag/m-of1/c12-d,-132.59939975690224
srmag/m-of1/c13-b,-132.59939975690224
srmag/m-of1/c13-d,-132.59939975690224
srmag/m-of1/c14-b,-132.59939975690224
srmag/m-of1/c14-d,-132.59939975690224
srmag/m-of1/c15-b,-132.59939975690224
srmag/m-of1/c15-d,-132.59939975690224
srmag/m-of1/c16-b,-132.59939975690224
srmag/m-of1/c16-d,-132.59939975690224
srmag/m-of1/c17-b,-132.59939975690224
srmag/m-of1/c17-d,-132.59939975690224
srmag/m-of1/c18-b,-132.59939975690224
srmag/m-of1/c18-d,-132.59939975690224
srmag/m-of1/c19-b,-132.59939975690224
srmag/m-of1/c19-d,-132.59939975690224
srmag/m-of1/c20-b,-132.59939975690224
srmag/m-of1/c20-d,-132.59939975690224
srmag/m-of1/c21-b,-132.59939975690224
srmag/m-of1/c21-d,-132.59939975690224
srmag/m-of1/c22-b,-132.59939975690224
srmag/m-of1/c22-d,-132.59939975690224
srmag/m-of1/c23-b,-132.59939975690224
srmag/m-of1/c23-d,-132.59939975690224
srmag/m-of1/c24-b,-132.59939975690224
srmag/m-of1/c24-d,-132.59939975690224
srmag/m-of1/c25-b,-132.59939975690224
srmag/m-of1/c25-d,-132.59939975690224
srmag/m-of1/c26-b,-132.59939975690224
srmag/m-of1/c26-d,-132.59939975690224
srmag/m-of1/c27-b,-132.59939975690224
srmag/m-of1/c27-d,-132.59939975690224
srmag/m-of1/c28-b,-132.59939975690224
srmag/m-of1/c28-d,-132.59939975690224
srmag/m-of1/c29-b,-132.59939975690224
srmag/m-of1/c29-d,-132.59939975690224
srmag/m-of1/c30-b,-132.59939975690224
srmag/m-of1/c30-d,-132.59939975690224
srmag/m-of1/c31-b,-132.59939975690224
srmag/m-of1/c31-d,-132.59939975690224
srmag/m-of1/c32-b,-132.59939975690224
srmag/m-of1/c32-d,-132.59939975690224
srmag/m-of1/c01-b,-132.59939975690224
srmag/m-of1/c01-d,-132.59939975690224
srmag/m-of1/c02-b,-132.59939975690224
srmag/m-of1/c02-d,-132.59939975690224
srmag/m-of1/c03-b,-132.59939975690224
srmag/m-of1/c03-d,-132.59939975690224
